id,author,created,updated,title,body,url
51650642,Nabaparna Bhattacharya,"Sun, 05 Apr 2026 08:46:12 -0400","Sun, 05 Apr 2026 08:46:13 -0400","Nike, Boston Scientific, And Sysco Are Among Top 10 Large Cap Losers Last Week (March 30-April 2): Are the Others in Your Portfolio?","U.S. stocks closed a shortened week with broad losses as markets observed the Good Friday holiday, trimming trading activity on Friday.    Nike, Inc. (NYSE:NKE) decreased 14.29% this week after the company reported third-quarter financial results. Also, the company issued fourth-quarter sales guidance below estimates. Multiple analysts lowered their price forecast on the stock.    Texas Pacific Land Corporation (NYSE:TPL) decreased 14.30% this week.    Sysco Corporation (NYSE:SYY) slumped 13.56% this week after the company announced it will acquire Jetro Restaurant Depot. Also, multiple analysts lowered their price forecast on the stock.    Venture Global, Inc. (NYSE:VG) fell 15.01% this week.    Kratos Defense & Security Solutions, Inc. (NASDAQ:KTOS) decreased 9.95% this week.    EQT Corporation (NYSE:EQT) slumped 11.48% this week.    Boston Scientific Corporation (NYSE:BSX) fell 9.32% this week after the company announced data from its HI-PEITHO clinical trial evaluating the EKOS Endovascular System in patients with pulmonary embolism. EKOS demonstrated a 61% reduction in primary endpoint events. Also, Raymond James downgraded its rating on the stock from Strong Buy to Outperform and lowered its price target from $97 to $88.    Rogers Communication, Inc. (NYSE:RCI) decreased 9.88% this week.    Strategy Inc (NASDAQ:MSTR) slumped 8.08% this week. Leading technical analyst Ali Martinez identified on Thursday the first ""Buy"" signal in months for Strategy, potentially marking an end to its corrective phase.    Antero Resources Corporation (NYSE:AR) slumped 9.96% this week.",https://www.benzinga.com/markets/equities/26/04/51650642/nike-boston-scientific-and-sysco-are-among-top-10-large-cap-losers-last-week-march-30-april-2-are-the-others-in-your-portfolio
51650557,Mohd Haider,"Sun, 05 Apr 2026 07:01:37 -0400","Sun, 05 Apr 2026 07:01:38 -0400","Apple's Unusual Market Dominance, Iran Retaliation List And More: This Week In Appleverse","The week was filled with intriguing stories in the tech and space sectors. From Apple Inc. (NASDAQ:AAPL) and Nvidia Corp. (NASDAQ:NVDA) outperforming defense stocks during a geopolitical crisis to Amazon.com Inc. (NASDAQ:AMZN) eyeing a major acquisition in the satellite space, here's a roundup of the top stories that unfolded.    Nvidia, Apple Outperform Defense Stocks Amid War    Amidst an escalating geopolitical situation, U.S. tech giants like Apple and Nvidia are surprisingly outperforming the defense sector. This is a significant deviation from the norm, where defense stocks usually rally during times of heightened global tensions. The usual rationale is that such tensions would lead to an increase in military spending. However, this time, the technology sector, particularly Big Tech, has proven to be more resilient than expected.     Read the full article here.    Globalstar Stock Surges Over 15% After Amazon's Potential Acquisition    Globalstar Inc. (NYSE:GSAT) experienced a significant surge in its stock price following reports of a potential acquisition by Amazon. This move could bolster Amazon's low-Earth-orbit satellite internet business, known as Leo, as it moves towards commercial service. Amazon, which has launched over 200 satellites since April 2025, is seeking more time from the FCC to meet a mid-2026 deployment deadline for approximately 1,600 satellites.     Read the full article here.    Magnificent Seven Stocks Struggle In 2026    The Magnificent Seven stocks, a well-known basket of U.S. companies, had a challenging first quarter in 2026. All seven components saw a decline in share prices, a stark contrast to their performance in 2025. The quarter was marked by lower share prices and high volatility, raising questions about the future of these companies.     Read the full article here.    Apple Celebrates 50 Years: From Garage Startup To $3.73 Trillion Giant    Apple marked its 50th anniversary, tracing its journey from a garage in California to becoming a $3.73 trillion tech giant. In 1976, Steve Jobs and Steve Wozniak transformed the garage into the birthplace of Apple. This move set the stage for decades of innovation and growth, solidifying Apple's position as a tech industry leader.     Read the full article here.    Palantir, Tesla, Apple Lead Iran Retaliation List    Amidst escalating tensions in the Middle East, technology stocks, including those of Tesla Inc. (NASDAQ:TSLA) and Apple, saw a spike. This development could be a positive sign for over a dozen companies listed by Iran's Islamic Revolutionary Guard Corps (IRGC) for potential retaliation. The IRGC had set a deadline for attacks to cease, warning of potential destruction of U.S. companies for every assassination of Iranian military leaders.     Read the full article here.    Photo Courtesy: Shutterstock    Disclaimer: This content was partially produced with the help of AI tools and was reviewed and published by Benzinga editors.",https://www.benzinga.com/markets/tech/26/04/51650557/apples-unusual-market-dominance-iran-retaliation-list-and-more-this-week-in-appleverse
51650530,Mohd Haider,"Sun, 05 Apr 2026 06:01:22 -0400","Sun, 05 Apr 2026 06:01:23 -0400","Trump's 2027 Budget, Iran's Strait Of Hormuz Tolls, Chamath Palihapitiya's Stark IPO Warning And More: This Week In Economy","It's been a whirlwind week, with significant developments in the political and financial spheres. Here's a quick rundown of the top economic stories that made headlines.    Trump's 2027 Budget Proposal    President Donald Trump has unveiled a budget plan for 2027, which includes a 44% hike in defense spending and a 10% reduction in non-defense discretionary programs. This would raise the defense budget to $1.5 trillion, up from $1 trillion in 2026. The proposal aims to maintain the U.S.'s position as the world's most powerful military.    Read the full article here.    Iran's New Strait Of Hormuz Toll System    Iran's Islamic Revolutionary Guard Corps (IRGC) has introduced a toll system for the Strait of Hormuz, the world's most critical oil chokepoint. Following a 90% decrease in traffic, Iran is now charging tolls starting at $1 per barrel of oil, payable in Chinese Yuan or stablecoins.    Read the full article here.    Chamath Palihapitiya Warns Of Tech IPO Frenzy Risks    Chamath Palihapitiya, in a recent episode of the All-In podcast, cautioned about the risks associated with the upcoming IPOs of several tech giants. He suggested that the IPO market might be nearing saturation, with companies entering later in the cycle facing greater risks.    Read the full article here.    Jamie Dimon Calls Trump's Institutional Home-Buying Ban 'Basically Irrelevant'    JPMorgan Chase & Co. (NYSE:JPM) CEO Jamie Dimon has criticized President Donald Trump's proposed ban on institutional investors buying single-family homes. Dimon dismissed the ban as largely meaningless, citing that only 1% of homes are owned by large companies.    Read the full article here.    Trump Administration To Cut Staff At Post-2008 Financial Risk Watchdog    The Treasury Department, under Secretary Scott Bessent, is reportedly downsizing the Office of Financial Research, a key agency created to monitor systemic risks after the 2008 financial crisis. The move, which includes a $25 million budget cut, is expected to result in significant layoffs.    Read the full article here.    Photo courtesy: Shutterstock    Disclaimer: This content was partially produced with the help of AI tools and was reviewed and published by Benzinga editors.",https://www.benzinga.com/markets/macro-economic-events/26/04/51650530/trumps-2027-budget-irans-strait-of-hormuz-tolls-chamath-palihapitiyas-stark-ipo-warning-and-more-this-week-in-economy
51650423,Rishabh Mishra,"Sun, 05 Apr 2026 03:48:45 -0400","Sun, 05 Apr 2026 03:48:46 -0400",Microsoft's 84 Earnings Calls Reveal AI Reality Check As Nadella's Words Outpace Results,"An analysis of 84 Microsoft Corp. (NASDAQ:MSFT) earnings calls reveals a stark shift in CEO Satya Nadella's strategic communication. Eric Jackson highlights that for the first time in a decade, his sweeping narrative regarding Artificial Intelligence is running significantly ahead of fundamental financial evidence.    The Gap Between Ambition And Proof    According to a comprehensive study by EMJ Capital founder Jackson, on Substack, Microsoft has transitioned from a ""Cash Machine"" era—where nearly every executive statement was firmly backed by realized financial metrics—to an ""AI Tailwind"" phase.    While Nadella's conviction remains exceptionally high, linguistic data shows the company is currently projecting a vision that its revenue has yet to fully validate.    This disconnect is most evident in the rollout of Microsoft 365 Copilot. While the company heavily promotes AI integration across its ecosystem, Microsoft's own investor relations team quietly admitted to analysts that ""it took some time to find product-market fit"" and emphasized the critical need to ""fuel seat sales and move faster.""     I analyzed 84 Microsoft earnings calls from Ballmer through Nadella. My system detected something the Street is missing. Satya's language is ahead of his numbers for the first time in a decade. Here is what the data shows:— Eric Jackson (@ericjackson) April 4, 2026     Cannibalizing Cloud For The AI Dream    To support this AI thesis, Microsoft is making deliberate, costly trade-offs. The company is actively throttling its highly profitable Azure cloud business to allocate scarce GPUs to Copilot.    CFO Amy Hood explicitly confirmed this strategic sacrifice, stating, ""If I had allocated all GPUs to Azure, the KPI would have been over 40,"" instead of the reported 38%.    Simultaneously, Nadella is subtly managing expectations around the ultimate AI endpoint, even as capital expenditures soar to $37.5 billion in a single quarter.    Tempering the tech industry's grandest promises, Nadella recently declared that ""AGI is never going to be achieved anytime soon,"" pointing instead to an era of ""jagged intelligence.""    The Ultimate Litmus Test    The market is now looking to Microsoft's April 29 earnings call for validation.    To transition the stock back to execution-driven growth, investors are demanding concrete Copilot revenue figures to prove that Microsoft's massive infrastructure bet is finally shifting from visionary hype back to fundamental, numbers-driven reality.    Microsoft Underperforms In 2026    MSFT has declined 22.78% year-to-date, while the Nasdaq Composite index fell 5.84% during the same period. It was lower by 27.59% in the last six months, but up 2.27% over the year.    The stock closed Thursday 1.11% higher at $373.46 apiece. Benzinga's Edge Stock Rankings indicate that MSFT maintains a weak price trend in the short, medium, and long terms, with a solid quality score.        Disclaimer: This content was partially produced with the help of AI tools and was reviewed and published by Benzinga editors.    Photo courtesy: Shutterstock",https://www.benzinga.com/markets/earnings/26/04/51650423/microsofts-84-earnings-calls-reveal-ai-reality-check-as-nadellas-words-outpace-results
51649729,Lekha Gupta,"Sat, 04 Apr 2026 09:10:51 -0400","Sat, 04 Apr 2026 09:10:52 -0400","Consumer Tech News (Mar 30-Apr 2): Tesla, Nio, XPeng Drive EV Growth, Apple iPhone 17, Meta Ray-Ban Launches & More","Software and Semiconductors     Microsoft Corp (NASDAQ:MSFT) is accelerating its shift toward in-house AI development with a new lineup of models designed to improve speed, efficiency, and cost across core enterprise use cases.    Microsoft has reportedly entered an exclusivity agreement with Chevron (NYSE:CVX) and Engine No. 1.    International Business Machines Corp. (NYSE:IBM) announced a strategic collaboration with Arm Holdings Plc (NASDAQ:ARM) to develop dual-architecture hardware for AI and data-intensive enterprise workloads.    Advanced Micro Devices Inc. (NASDAQ:AMD) said it is positioning its processors at the core of next-generation space missions as NASA shifts toward sustained lunar and deep-space exploration.    Intel Corp (NASDAQ:INTC) agreed to buy back Apollo Global Management, Inc'.s (NYSE:APO) 49% stake in its Ireland Fab 34 joint venture for $14.2 billion, taking full ownership of the facility.    Applied Digital Corp (NASDAQ:APLD) amended and restructured its data center lease agreements with CoreWeave, Inc (NASDAQ:CRWV) while adding new credit support mechanisms tied to the arrangements.    Taiwan Semiconductor Manufacturing Co. Ltd. (NYSE:TSM) plans to begin equipment installation and mass production of advanced 3-nanometer chips at its second Japan facility in 2028.    Taiwan Semiconductor secured government approval to deploy its advanced 3-nanometer process at its second semiconductor facility under construction in Kumamoto, Japan.    Aehr Test Systems (NASDAQ:AEHR) secured a new silicon photonics customer, signaling continued demand tied to AI-driven data center expansion.    Marvell Technology, Inc (NASDAQ:MRVL) announced a deal with Nvidia Corp (NASDAQ:NVDA) to integrate Marvell into Nvidia's AI factory and AI-RAN ecosystem using NVLink Fusion.    French AI startup Mistral has reportedly secured $830 million in debt financing. The funds will be used to build a data center powered by Nvidia chips.    Nebius Group NV (NASDAQ:NBIS) plans to construct a 310 MW AI data center in Lappeenranta, Finland, with initial capacity expected in 2027.    Meta Platforms, Inc. (NASDAQ:META) is reportedly planning to launch two new Ray-Ban smart glasses next week.     Smartphones & Social Media     Apple Inc.'s (NASDAQ:AAPL) upcoming iPhone 17 lineup is off to a steady start, with early production data showing slightly higher demand than recent models as more buyers opt for pricier Pro versions, helping offset rising component costs.    Telegram founder Pavel Durov highlighted reports that Apple Inc. (NASDAQ:AAPL) had removed multiple VPN and proxy applications from its Russian App Store.     Broadline Retail, E-Commerce & Finance     Alibaba Group Holding Ltd (NYSE:BABA) is accelerating its push into proprietary AI models as it works to monetize its growing AI portfolio and strengthen its revenue streams.    Visa Inc. (NYSE:V) introduced six AI-powered dispute resolution tools aimed at reducing the billions of dollars lost each year to fraud and inefficient, outdated processes.     Automobile     Tesla Inc. (NASDAQ:TSLA) reported an 8.7% year-over-year increase in China-made EV sales to 85,670 units in March, marking a fifth straight month of growth. First-quarter sales rose 23.5%, accelerating from the previous quarter.    Tesla recorded a surge in registrations across multiple European markets as the Elon Musk-led EV giant's sales improved after consistent declines.    CEO Elon Musk has said that the automaker has officially ended production of the premium Model S and X lines.    Ontario Premier Doug Ford has opposed potential agreements between Stellantis NV (NYSE:STLA) and China's Zhejiang Leapmotor Technology Co. Ltd., a company in which Stellantis owns a 20% stake, to manufacture electric vehicles in a Stellantis facility in Brampton, Ontario.    Rivian Automotive Inc. (NASDAQ:RIVN) sales fell during the first quarter by over 26.5% YoY as the company sold 8,141 vehicles in Q1 2026 compared to the 11,070 units it delivered last year. During March, Rivian sold 2,925 units, an almost 1000 unit decline from the 3,910 units it sold in March 2025.    XPeng Inc. (NYSE:XPEV) March deliveries rebounded strongly to 27,415 units, up 80% month-on-month, but remained 17% lower than a year ago. For the first quarter, the company delivered 62,682 vehicles, down 33.3% year-on-year, though still within its stated guidance range.    WeRide Inc. (NASDAQ:WRD) and Grab Holdings Ltd. (NASDAQ:GRAB) launched Singapore's first autonomous public ride service in Punggol, following trials with over 1,000 users and 30,000 km of driverless operations.    WeRide launched fully driverless Robotaxi fare-charging operations in Dubai, marking a significant milestone in its partnership with Uber Technologies, Inc. (NYSE:UBER).    Nio Inc. (NYSE:NIO)  delivered 35,486 vehicles, marking a remarkable 136.0% year-over-year increase. In the first quarter, total deliveries reached 83,465 vehicles, reflecting 98.3% year-over-year growth.    Multiple Baidu Inc. (NASDAQ:BIDU) Apollo Go Robotaxis reportedly froze in China's Wuhan, sparking concerns about the safety of Robotaxis and autonomous vehicles around the world today.    Palantir Technologies Inc. (NASDAQ:PLTR) announced it has renewed and expanded its partnership with Stellantis through a new five-year agreement to advance data and artificial intelligence capabilities across the automaker's operations.",https://www.benzinga.com/markets/tech/26/04/51649729/consumer-tech-news-mar-30-apr-2-tesla-nio-xpeng-drive-ev-growth-apple-iphone-17-meta-ray-ban-launches-more
51649687,Rishabh Mishra,"Sat, 04 Apr 2026 08:31:22 -0400","Sat, 04 Apr 2026 08:31:22 -0400","Rocket Lab, Beyond Meat, Micron Technology And More: 5 Stocks Investors Couldn't Stop Buzzing About This Week","Retail investors talked up five hot stocks this week (March 30 to April 2) on X and Reddit's r/WallStreetBets, driven by retail hype, Iran war, earnings, AI buzz, and corporate news flow.    Tesla Inc. (NASDAQ:TSLA), Micron Technology Inc. (NASDAQ:MU), Rocket Lab Corp. (NASDAQ:RKLB), Nike Inc. (NYSE:NKE), and Beyond Meat Inc. (NASDAQ:BYND), spanning investing, crypto, streaming, semiconductors, social media, and gaming, reflected diverse investor interests.    Tesla     TSLA reported the first quarter 2026 vehicle deliveries this week. It came in at 358,000 units, missing Wall Street expectations around 372,000. It was also down sequentially, despite a modest year-over-year rise and stronger China-made EV sales.       Some retail investors mocked TSLA for the stock decline despite falling after missing delivery targets.     Source: Reddit     The stock had a 52-week range of $214.25 to $498.83, trading around $360 to $361 per share, as of the publication of this article. It rose 27.53% over the year, fell by 17.30% and 19.82% over the last six months and year-to-date, respectively.      TSLA had a weaker price trend in the short, medium, and long term, with a moderate growth ranking, as per Benzinga's Edge Stock Rankings.      Micron Technology     MU saw a volatile trading week as investor concerns over Google's newly released TurboQuant AI algorithm, which could significantly compress memory requirements and potentially dampen long-term demand for high-bandwidth memory. However, analysts like Shawn Kim and Lennart Heim dismissed the market's negative response, predicting that the technology will broaden AI adoption and fuel long-term demand. Consequently, they viewed the stock drop as a prime buying opportunity.       Some retail investors were joking about the volatility that MU's stock has witnessed this week.     Source: Reddit     The stock had a 52-week range of $61.54 to $471.34, trading around $364 to $366 per share, as of the publication of this article. It advanced by 313.36% over the year and 99.31% in the last six months. The stock was also up 28.32% YTD.      MU had a weak price trend in the short term but a strong trend in the medium and long terms, with a good quality ranking as per Benzinga's Edge Stock Rankings.     Rocket Lab     RKLB was in focus as it received a regulatory approval on March 30 from Germany's Federal Ministry for Economic Affairs and Energy for its acquisition of laser communications specialist Mynaric, clearing a key hurdle with the deal now expected to close in April 2026. The move strengthens Rocket Lab's space systems portfolio with in-house optical terminal technology, enhances its ability to serve defense and commercial constellations, and supports European expansion plans. Also, the reports of SpaceX confidentially filing for an initial public offering fueled optimism around the space sector.       Some retail investors admitted to pumping space stocks on SpaceX optimism.     Source: Reddit     The stock had a 52-week range of $61.87 to $69.39, trading around $67 to $68 per share, as of the publication of this article. It advanced 250.21% over the year, 29.08% in the last six months, but it was down 2.91% YTD.      Benzinga's Edge Stock Rankings showed that RKLB had a strong price trend in the long term but a weak trend in the short and medium terms.      Nike     Nike plunged after reporting fiscal third-quarter 2026 results. The company beat analysts' estimates, with its revenue coming in at $11.24 billion and earnings at 35 cents per share. However, the stock declined as CEO Elliot Hill noted that aggressive inventory clearing created a roughly five-point headwind to reported results, but emphasized it was an ""intentional"" and ""necessary"" maneuver to improve marketplace health and secure sustainable long-term growth. Needham analysts said that trends remain challenging as China continues to be ""a pressure point"" due to ""unhealthy inventory levels.""       Some retail investors were regretting their decision to buy NKE calls as the stock plunged despite beating estimates.     Source: Reddit     The stock had a 52-week range of $43.17 to $80.17, trading around $43 to $44 per share, as of the publication of this article. It was down 31.97% over the year, 40.74% over the last six months, and 30.64% YTD.      NKE maintains a weaker price trend over the short, medium, and long terms, with a poor growth score as per Benzinga's Edge Stock Rankings.      Beyond Meat     Beyond Meat faced intense pressure this week, as it released its delayed fourth quarter 2025 and full-year results. Its revenue fell 19.7% YoY to $61.6 million, missing estimates, amid persistent demand weakness for its higher-priced plant-based products, with a larger-than-expected operating loss. The company swung to a GAAP net profit thanks to a large non-cash gain from debt restructuring, but it guided first-quarter 2026 revenue at $57–59 million, which was below consensus. On April 2, the company announced that Beyond Burger and Beyond Steak became the first plant-based meat products to qualify as climate solutions.       Some investors were hoping for a steeper fall, calling BYND's vegan meat a ""science experiment.""     Source: Reddit     The stock had a 52-week range of $0.5000 to $7.6900, trading around $0.5 to $0.6 per share, as of the publication of this article. It declined by 80.76% over the year, 74.49% over the last six months, and 27.51% YTD.      According to Benzinga's Edge Stock Rankings, BYND was maintaining a weak price trend over the short, medium, and long terms.      Retail focus blended meme-driven narrative with earnings outlook and corporate news flow, as the S&P 500, Dow Jones, and Nasdaq witnessed negative market action during the week.    Photo Courtesy: M. Knijnenburg on Shutterstock",https://www.benzinga.com/markets/equities/26/04/51649687/rocket-lab-beyond-meat-micron-technology-and-more-5-stocks-investors-couldnt-stop-buzzing-about-this-week
51649628,Benzinga Senior Editor,"Sat, 04 Apr 2026 08:02:50 -0400","Sat, 04 Apr 2026 08:02:50 -0400","Benzinga Bulls And Bears: Virgin Galactic, Applied Digital, Beyond Meat — And Markets Rebound On Iran Optimism","Benzinga examined the prospects for many investors' favorite stocks over the last week — here's a look at some of our top stories.    U.S. stocks snapped a five-week losing streak with a strong rebound, as shifting signals from President Donald Trump around a potential Iran ceasefire briefly lifted investor sentiment. The S&P 500 posted its best weekly performance in months, recovering from a prolonged selloff even as volatility remained elevated. Optimism around diplomatic progress initially pushed oil prices lower and fueled a sharp rally, but markets quickly turned choppy as mixed messaging on the conflict reintroduced uncertainty.    Energy markets remained the dominant force, with crude surging back above $110 per barrel and triggering unusual pricing dynamics. The spike — driven by ongoing disruptions in the Strait of Hormuz and strong domestic refining demand — reinforced concerns about persistent inflation and its impact on economic growth. Despite the rebound in equities, elevated oil prices continued to cap upside and keep investors cautious.    Sector performance reflected the uneven recovery, with consumer-focused names under pressure as the war's economic effects began to filter through earnings. Investors are now balancing signs of technical recovery against ongoing risks from geopolitics, inflation and energy markets, suggesting volatility is likely to persist in the near term.    Benzinga provides daily reports on the stocks most popular with investors. Here are a few of this past week's most bullish and bearish posts that are worth another look.    The Bulls    ""EXCLUSIVE: Xanadu Jumps In Nasdaq Debut — Meet The Newest Quantum Stock,"" by Erica Kollmann, reports that Xanadu Quantum Technologies Inc. (NASDAQ:XNDU) shares surged in their Nasdaq debut, jumping about 15% as investors cheered the company's entry into public markets, with the photonic quantum computing firm highlighting its full-stack approach spanning hardware, software and quantum machine learning, positioning itself for long-term growth through scalable, light-based quantum systems and future quantum data center deployments.    ""Virgin Galactic Stock Rises On Q4 Earnings, First SpaceShip Nears Completion,"" by Adam Eckert, reports that Virgin Galactic Holdings Inc. (NYSE:SPCE) shares moved higher after the company reported fourth-quarter results that beat earnings expectations with a loss of 98 cents per share but missed on revenue at $312,000, while investors focused on progress toward commercialization as its first next-generation SpaceShip nears completion with ground testing set to begin in April and a second spacecraft expected to enter service in late 2026 to early 2027.    ""Applied Digital Stock Jumps As CoreWeave Lease Deal Locks In Massive Credit Support,"" by Anusuya Lahiri, reports that Applied Digital Corp. (NASDAQ:APLD) shares rose after the company restructured key data center lease agreements with CoreWeave Inc. (NASDAQ:CRWV), securing additional credit backing including a $50 million letter of credit and guaranty support, which strengthens tenant obligations and improves the credit profile of its data center assets, even as the stock continues to show mixed technical momentum ahead of its upcoming earnings report.    For additional bullish calls of the past week, check out the following:    As Rock 'n' Roll Era Bombers Head To Iran, Boeing's Stock Is Taking Off Too    SEALSQ Stock Climbs After Earnings: Here's Why    This Space Stock Is Up 100% In Five Days On A Naval Contract (Hint: Not Rocket Lab)    The Bears    ""Beyond Meat Stock Stumbles As Q4 Earnings Come Up Short,"" by Adam Eckert, reports that Beyond Meat Inc. (NASDAQ:BYND) shares fell after the plant-based meat company posted a fourth-quarter double miss, with revenue of $61.59 million coming in below estimates of $62.57 million and an adjusted loss of 29 cents per share wider than expectations, as ongoing weakness in category demand and declining sales volumes continued to pressure results while the company guided for first-quarter revenue of $57 million to $59 million, also below Wall Street forecasts.    ""Blink Charging Stock Stalls After Reporting Q4 Results,"" by Adam Eckert, reports that Blink Charging Co. (NASDAQ:BLNK) shares traded flat after the electric‑vehicle charging provider posted mixed fourth‑quarter results, with revenue missing expectations and adjusted losses narrowing, while investors weighed slower deployment growth and cautious 2026 guidance against improving service‑revenue margins and recent strategic partnerships.    ""VCX Stock Crashes Nearly 50% As Citron Drops Brutal Short Call,"" by Kaustubh Bagalkote, reports that VCX Inc. (NYSE:VCX) shares plunged nearly 50% after short‑seller Citron Research issued a stark downgrade calling the stock ""damaged goods,"" criticizing the company's fundamentals, product penetration and competitive stance in the virtualization/cloud market, with traders citing heightened selling pressure and liquidity concerns as the downgrades reverberated through the thinly traded security.    For more bearish takes, be sure to see these posts:    Cramer Dunks on Microsoft — Meme Traders Reply, 'Thank You for Saving MSFT'    Magnificent Seven Stocks Not So Magnificent In 2026 — Apple Surprises, Microsoft Craters    Why Is Nike Stock Falling Thursday?    Keep up with all the latest breaking news and trading ideas by following Benzinga on X.    Image created using artificial intelligence via Midjourney.",https://www.benzinga.com/markets/market-summary/26/04/51649628/benzinga-bulls-and-bears-virgin-galactic-applied-digital-beyond-meat-and-markets-rebound-on-iran-optimism
51649256,Mohd Haider,"Sat, 04 Apr 2026 00:30:27 -0400","Sat, 04 Apr 2026 00:30:27 -0400",Elon Musk Leverages SpaceX's Record IPO To Force Banks Into Grok Subscriptions: Report,"Elon Musk has reportedly mandated the banks and advisors involved in SpaceX's upcoming initial public offering (IPO) to purchase subscriptions to the AI chatbot  Grok.    The New York Times, citing sources, reported on Friday that some banks have agreed to spend millions annually on Grok and have begun integrating it into their IT systems as a mandatory condition for SpaceX IPO roles.    The company did not immediately respond to Benzinga's request for comment.     Wall Street's Biggest Names Line Up As Bookrunners    The lead banks managing the IPO include Morgan Stanley (NYSE:MS), Goldman Sachs (NYSE:GS), JPMorgan Chase (NYSE:JPM), Bank of America (NYSE:BAC) and Citigroup (NYSE:C).     International banks, including the Royal Bank of Canada, Mizuho Financial Group and Macquarie Group, are also participating, focusing on share distribution from their respective markets.    A $75B Raise That Could Rewrite IPO History    The commercial space flight giant has set its target IPO valuation at over $2 trillion, as reported by Bloomberg News. This could potentially make it the largest stock market listing in history. The company aims to raise a record $75 billion, surpassing previous mega-IPOs such as Saudi Aramco in 2019 and Alibaba (NYSE:BABA) in 2014.    SpaceX's IPO has been a topic of significant interest. The company filed confidentially for its IPO with the Securities and Exchange Commission recently. By filing confidentially, SpaceX could receive SEC feedback and make adjustments before its prospectus becomes public.    Despite the high valuation, prediction markets have been optimistic about SpaceX's IPO.    Photo Courtesy: Shutterstock    Disclaimer: This content was partially produced with the help of AI tools and was reviewed and published by Benzinga editors.",https://www.benzinga.com/markets/ipos/26/04/51649256/elon-musk-leverages-spacexs-record-ipo-to-force-banks-into-grok-subscriptions-report
51647646,Benzinga Insights,"Fri, 03 Apr 2026 16:19:54 -0400","Fri, 03 Apr 2026 16:19:55 -0400","If You Invested $100 In Amgen Stock 15 Years Ago, You Would Have This Much Today","Amgen (NASDAQ:AMGN) has outperformed the market over the past 15 years by 1.93% on an annualized basis producing an average annual return of 13.18%. Currently, Amgen has a market capitalization of $187.48 billion.  Buying $100 In AMGN: If an investor had bought $100 of AMGN stock 15 years ago, it would be worth $645.53 today based on a price of $347.78 for AMGN at the time of writing. Amgen's Performance Over Last 15 Years   Finally -- what's the point of all this? The key insight to take from this article is to note how much of a difference compounded returns can make in your cash growth over a period of time. This article was generated by Benzinga's automated content engine and reviewed by an editor.",https://www.benzinga.com/insights/news/26/04/51647646/if-you-invested-100-in-amgen-stock-15-years-ago-you-would-have-this-much-today
51646531,Benzinga Insights,"Fri, 03 Apr 2026 13:35:26 -0400","Fri, 03 Apr 2026 13:35:27 -0400",9 Consumer Discretionary Stocks Whale Activity In Today's Session,"This whale alert can help traders discover the next big trading opportunities. Whales are entities with large sums of money and we track their transactions here at Benzinga on our options activity scanner. Traders will search for circumstances when the market estimation of an option diverges heavily from its normal worth. High amounts of trading activity could push option prices to exaggerated or underestimated levels.  Here's the list of options activity happening in today's session:     Symbol PUT/CALL Trade Type Sentiment Exp. Date Strike Price Total Trade Price Open Interest Volume     TSLA CALL TRADE NEUTRAL 04/06/26 $372.50 $50.1K 688 14.3K   NCLH CALL TRADE BEARISH 06/18/26 $21.00 $41.2K 8.5K 335   CVNA CALL SWEEP BULLISH 06/18/26 $410.00 $108.3K 243 239   HD CALL SWEEP BEARISH 08/21/26 $340.00 $32.4K 78 187   DASH CALL SWEEP NEUTRAL 09/18/26 $180.00 $77.7K 5.0K 50   QSR CALL TRADE BULLISH 01/15/27 $70.00 $33.7K 107 31   WING CALL TRADE BULLISH 04/17/26 $130.00 $49.8K 29 20   OLLI CALL SWEEP BULLISH 04/17/26 $95.00 $36.0K 527 5   BKNG CALL TRADE BULLISH 09/18/26 $3800.00 $71.8K 8 2    Explanation These bullet-by-bullet explanations have been constructed using the accompanying table.   •  Regarding TSLA (NASDAQ:TSLA), we observe a call option trade with neutral sentiment. It expires in 3 day(s) on April 6, 2026. Parties traded 597 contract(s) at a $372.50 strike. The total cost received by the writing party (or parties) was $50.1K, with a price of $84.0 per contract. There were 688 open contracts at this strike prior to today, and today 14379 contract(s) were bought and sold.  •  For NCLH (NYSE:NCLH), we notice a call option trade that happens to be bearish, expiring in 76 day(s) on June 18, 2026. This event was a transfer of 299 contract(s) at a $21.00 strike. The total cost received by the writing party (or parties) was $41.2K, with a price of $138.0 per contract. There were 8556 open contracts at this strike prior to today, and today 335 contract(s) were bought and sold.  •  For CVNA (NYSE:CVNA), we notice a call option sweep that happens to be bullish, expiring in 76 day(s) on June 18, 2026. This event was a transfer of 86 contract(s) at a $410.00 strike. This particular call needed to be split into 11 different trades to become filled. The total cost received by the writing party (or parties) was $108.3K, with a price of $1260.0 per contract. There were 243 open contracts at this strike prior to today, and today 239 contract(s) were bought and sold.  •  For HD (NYSE:HD), we notice a call option sweep that happens to be bearish, expiring in 140 day(s) on August 21, 2026. This event was a transfer of 19 contract(s) at a $340.00 strike. This particular call needed to be split into 3 different trades to become filled. The total cost received by the writing party (or parties) was $32.4K, with a price of $1705.0 per contract. There were 78 open contracts at this strike prior to today, and today 187 contract(s) were bought and sold.  •  For DASH (NASDAQ:DASH), we notice a call option sweep that happens to be neutral, expiring in 168 day(s) on September 18, 2026. This event was a transfer of 49 contract(s) at a $180.00 strike. This particular call needed to be split into 10 different trades to become filled. The total cost received by the writing party (or parties) was $77.7K, with a price of $1594.0 per contract. There were 5038 open contracts at this strike prior to today, and today 50 contract(s) were bought and sold.  •  Regarding QSR (NYSE:QSR), we observe a call option trade with bullish sentiment. It expires in 287 day(s) on January 15, 2027. Parties traded 30 contract(s) at a $70.00 strike. The total cost received by the writing party (or parties) was $33.7K, with a price of $1125.0 per contract. There were 107 open contracts at this strike prior to today, and today 31 contract(s) were bought and sold.  •  Regarding WING (NASDAQ:WING), we observe a call option trade with bullish sentiment. It expires in 14 day(s) on April 17, 2026. Parties traded 20 contract(s) at a $130.00 strike. The total cost received by the writing party (or parties) was $49.8K, with a price of $2490.0 per contract. There were 29 open contracts at this strike prior to today, and today 20 contract(s) were bought and sold.  •  For OLLI (NASDAQ:OLLI), we notice a call option sweep that happens to be bullish, expiring in 14 day(s) on April 17, 2026. This event was a transfer of 100 contract(s) at a $95.00 strike. This particular call needed to be split into 14 different trades to become filled. The total cost received by the writing party (or parties) was $36.0K, with a price of $360.0 per contract. There were 527 open contracts at this strike prior to today, and today 5 contract(s) were bought and sold.  •  For BKNG (NASDAQ:BKNG), we notice a call option trade that happens to be bullish, expiring in 168 day(s) on September 18, 2026. This event was a transfer of 1 contract(s) at a $3800.00 strike. The total cost received by the writing party (or parties) was $71.8K, with a price of $71800.0 per contract. There were 8 open contracts at this strike prior to today, and today 2 contract(s) were bought and sold.  Options Alert Terminology  - Call Contracts: The right to buy shares as indicated in the contract.  - Put Contracts: The right to sell shares as indicated in the contract.  - Expiration Date: When the contract expires. One must act on the contract by this date if one wants to use it.  - Premium/Option Price: The price of the contract.   For more information, read more about unusual options activity.   This article was generated by Benzinga's automated content engine and reviewed by an editor.",https://www.benzinga.com/insights/options/26/04/51646531/9-consumer-discretionary-stocks-whale-activity-in-todays-session
51646530,Benzinga Insights,"Fri, 03 Apr 2026 13:35:21 -0400","Fri, 03 Apr 2026 13:35:22 -0400",10 Industrials Stocks Whale Activity In Today's Session,"This whale alert can help traders discover the next big trading opportunities. Whales are entities with large sums of money and we track their transactions here at Benzinga on our options activity scanner. Traders often look for circumstances when the market estimation of an option diverges away from its normal worth. Abnormal amounts of trading activity could push option prices to hyperbolic or underperforming levels.  Here's the list of options activity happening in today's session:     Symbol PUT/CALL Trade Type Sentiment Exp. Date Strike Price Total Trade Price Open Interest Volume     GEO CALL SWEEP BEARISH 06/18/26 $20.00 $41.1K 2.1K 2.2K   BA CALL TRADE NEUTRAL 05/15/26 $250.00 $33.8K 9.9K 1.9K   CAR PUT SWEEP NEUTRAL 06/18/26 $120.00 $51.6K 241 689   AAL CALL SWEEP BULLISH 06/18/26 $10.00 $70.0K 26.8K 689   LUV CALL TRADE BULLISH 06/18/26 $45.00 $40.6K 8.8K 571   BW CALL TRADE BULLISH 01/15/27 $15.00 $94.5K 4.2K 166   NVT CALL TRADE BULLISH 11/20/26 $110.00 $74.4K 309 140   RDW CALL SWEEP BULLISH 05/15/26 $8.00 $25.0K 1.7K 128   VELO CALL TRADE BULLISH 06/18/26 $15.00 $25.3K 309 125   VRT PUT SWEEP BEARISH 04/17/26 $260.00 $40.5K 641 109    Explanation These itemized elaborations have been created using the accompanying table.   •  For GEO (NYSE:GEO), we notice a call option sweep that happens to be bearish, expiring in 76 day(s) on June 18, 2026. This event was a transfer of 274 contract(s) at a $20.00 strike. This particular call needed to be split into 6 different trades to become filled. The total cost received by the writing party (or parties) was $41.1K, with a price of $150.0 per contract. There were 2181 open contracts at this strike prior to today, and today 2298 contract(s) were bought and sold.  •  Regarding BA (NYSE:BA), we observe a call option trade with neutral sentiment. It expires in 42 day(s) on May 15, 2026. Parties traded 300 contract(s) at a $250.00 strike. The total cost received by the writing party (or parties) was $33.8K, with a price of $113.0 per contract. There were 9943 open contracts at this strike prior to today, and today 1916 contract(s) were bought and sold.  •  For CAR (NASDAQ:CAR), we notice a put option sweep that happens to be neutral, expiring in 76 day(s) on June 18, 2026. This event was a transfer of 102 contract(s) at a $120.00 strike. This particular put needed to be split into 22 different trades to become filled. The total cost received by the writing party (or parties) was $51.6K, with a price of $505.0 per contract. There were 241 open contracts at this strike prior to today, and today 689 contract(s) were bought and sold.  •  Regarding AAL (NASDAQ:AAL), we observe a call option sweep with bullish sentiment. It expires in 76 day(s) on June 18, 2026. Parties traded 400 contract(s) at a $10.00 strike. This particular call needed to be split into 10 different trades to become filled. The total cost received by the writing party (or parties) was $70.0K, with a price of $175.0 per contract. There were 26876 open contracts at this strike prior to today, and today 689 contract(s) were bought and sold.  •  Regarding LUV (NYSE:LUV), we observe a call option trade with bullish sentiment. It expires in 76 day(s) on June 18, 2026. Parties traded 290 contract(s) at a $45.00 strike. The total cost received by the writing party (or parties) was $40.6K, with a price of $140.0 per contract. There were 8846 open contracts at this strike prior to today, and today 571 contract(s) were bought and sold.  •  Regarding BW (NYSE:BW), we observe a call option trade with bullish sentiment. It expires in 287 day(s) on January 15, 2027. Parties traded 150 contract(s) at a $15.00 strike. The total cost received by the writing party (or parties) was $94.5K, with a price of $630.0 per contract. There were 4291 open contracts at this strike prior to today, and today 166 contract(s) were bought and sold.  •  Regarding NVT (NYSE:NVT), we observe a call option trade with bullish sentiment. It expires in 231 day(s) on November 20, 2026. Parties traded 30 contract(s) at a $110.00 strike. The total cost received by the writing party (or parties) was $74.4K, with a price of $2480.0 per contract. There were 309 open contracts at this strike prior to today, and today 140 contract(s) were bought and sold.  •  Regarding RDW (NYSE:RDW), we observe a call option sweep with bullish sentiment. It expires in 42 day(s) on May 15, 2026. Parties traded 100 contract(s) at a $8.00 strike. This particular call needed to be split into 6 different trades to become filled. The total cost received by the writing party (or parties) was $25.0K, with a price of $242.0 per contract. There were 1709 open contracts at this strike prior to today, and today 128 contract(s) were bought and sold.  •  Regarding VELO (NASDAQ:VELO), we observe a call option trade with bullish sentiment. It expires in 76 day(s) on June 18, 2026. Parties traded 115 contract(s) at a $15.00 strike. The total cost received by the writing party (or parties) was $25.3K, with a price of $220.0 per contract. There were 309 open contracts at this strike prior to today, and today 125 contract(s) were bought and sold.  •  Regarding VRT (NYSE:VRT), we observe a put option sweep with bearish sentiment. It expires in 14 day(s) on April 17, 2026. Parties traded 30 contract(s) at a $260.00 strike. This particular put needed to be split into 4 different trades to become filled. The total cost received by the writing party (or parties) was $40.5K, with a price of $1350.0 per contract. There were 641 open contracts at this strike prior to today, and today 109 contract(s) were bought and sold.  Options Alert Terminology  - Call Contracts: The right to buy shares as indicated in the contract.  - Put Contracts: The right to sell shares as indicated in the contract.  - Expiration Date: When the contract expires. One must act on the contract by this date if one wants to use it.  - Premium/Option Price: The price of the contract.   For more information, read more about unusual options activity.   This article was generated by Benzinga's automated content engine and reviewed by an editor.",https://www.benzinga.com/insights/options/26/04/51646530/10-industrials-stocks-whale-activity-in-todays-session
51646380,Chandrima Sanyal,"Fri, 03 Apr 2026 13:16:08 -0400","Fri, 03 Apr 2026 13:16:09 -0400","Goldman Sachs Buys Innovator, Adds $31 Billion In Defined Outcome ETFs","Goldman Sachs Group Inc (NYSE:GS) on Thursday, completed its acquisition of Innovator Capital Management, a pioneer in defined outcome ETFs, marking a major step in scaling its ETF platform. The deal significantly boosts Goldman Sachs Asset Management's presence in one of the fastest-growing corners of the ETF market, particularly as demand rises for strategies that offer built-in risk management and outcome-oriented investing.    With the addition of Innovator's roughly $31 billion in assets under supervision and 171 ETFs, Goldman's global ETF lineup now totals about 240 funds, with $90 billion in assets. The firm now ranks among the top 10 global active ETF providers.     Goldman Sachs CEO David Solomon called the move ""transformative,"" emphasizing the firm's push to deliver more tailored investment solutions across market cycles, especially as investors increasingly seek income generation, downside protection, and defined return profiles.    The acquisition also brings Innovator's leadership and team into Goldman Sachs, including more than 70 employees. Goldman Sachs said it will retain existing investment management and service providers for Innovator's ETF lineup, aiming to ensure continuity for investors as it integrates the business.    Defined outcome ETFs, often built using options strategies, have gained traction among investors looking for clearer expectations around returns and downside protection.     Innovator ETFs are pioneers in ""defined outcome"" or ""buffer"" ETFs, providing U.S. equity exposure with built-in downside protection and a capped upside.    By bringing Innovator under its umbrella, Goldman is positioning itself to capitalize on this shift, deepening its reach in a segment that blends active management with ETF efficiency.",https://www.benzinga.com/etfs/specialty-etfs/26/04/51646380/goldman-sachs-buys-innovator-adds-31-billion-in-defined-outcome-etfs
51644811,Namrata Sen,"Fri, 03 Apr 2026 08:14:04 -0400","Fri, 03 Apr 2026 08:14:04 -0400","Mark Zuckerberg, Elon Musk Being Taxed Less Than An 'Average Nurse'? Jayapal, Elizabeth Warren Say Not Anymore","Rep. Pramila Jayapal (D-Wash.) criticized the tax rates of billionaires and expressed dissatisfaction with the current tax system.     Jaypal took to X on Thursday and pointed out that billionaires such as Meta Platform (NASDAQ:META) Mark Zuckerberg, legendary investor Warren Buffett, Mike Bloomberg, and Tesla Inc. (NASDAQ:TSLA) Elon Musk are taxed at a lower rate than the ""average nurse"" in the United States.    Jayapal, along with Senator Elizabeth Warren (D-Mass.), plans to reintroduce the Ultra-Millionaire Tax Act to rectify this situation.     Mark Zuckerberg, Warren Buffett, Mike Bloomberg, and Elon Musk pay a lower tax rate than the average nurse in America.@EWarren and I are reintroducing the Ultra-Millionaire Tax Act because that's bullshit.— Pramila Jayapal (@PramilaJayapal) April 2, 2026     The proposed legislation, also supported by Rep. Brendan F. Boyle and over 40 other lawmakers, would apply a 2% annual tax and 1%  surcharge (total 3% annual tax) to fortunes above $50 million. The Ultra-Millionaire Tax Act aims to reduce inequality by requiring the richest 0.15% of U.S. households, about 260,000, to pay more taxes, helping level the playing field and narrow the racial wealth gap.    According to a new analysis, the bill could generate $6.2 trillion in revenue over the next decade, more than double the score of the bill when it was first introduced five years ago.     This revenue could fund investments like universal child care, free community college, Medicare expansion, and more — without raising taxes on 99.85% of American households.    Wealth Tax Push Gains Momentum    The move comes at a time when wealth disparity is a hot topic in the United States. Washington state recently made history by signing Senate Bill 6346, the Millionaires' Tax, into law. The bill taxes incomes above $1 million and directs a growing share of revenue back to families and small businesses, funding free school meals, expanded tax credits, affordable childcare, and eliminating sales tax on diapers and OTC drugs.    Meanwhile, earlier in March, Sen. Bernie Sanders (I-VT) and Ro Khanna (D-Calif.) introduced the Make Billionaires Pay Their Fair Share Act, proposing a 5% wealth tax on U.S. billionaires, which could fund $3,000 payments to millions of Americans. The plan targets about 938 billionaires as part of efforts to reduce inequality.    Jamie Dimon Differs    However, not everyone agrees with the idea of increasing taxes on the wealthy. Jamie Dimon, CEO of JPMorgan Chase & Co. (NYSE:JPM), has expressed confusion over what is meant by billionaires not paying their ""fair share."" He argued that higher taxes alone won't solve underlying issues, urging reforms to policy gaps and better use of government funds instead.    Dimon also warned of a growing migration from high-cost states like California and New York to places such as Nevada and Florida, saying the trend is hurting major cities.Disclaimer: This content was partially produced with the help of AI tools and was reviewed and published by a Benzinga editor.    Image via Shutterstock",https://www.benzinga.com/news/politics/26/04/51644811/mark-zuckerberg-elon-musk-being-taxed-less-than-an-average-nurse-jayapal-elizabeth-warren-say-not-anymore
51644058,Benzinga Insights,"Fri, 03 Apr 2026 05:59:08 -0400","Fri, 03 Apr 2026 05:59:09 -0400","Assessing Nike's Performance Against Competitors In Textiles, Apparel &amp; Luxury Goods Industry","In the dynamic and fiercely competitive business environment, conducting a thorough analysis of companies is crucial for investors and industry enthusiasts. In this article, we will perform an extensive industry comparison, evaluating Nike (NYSE:NKE) in relation to its major competitors in the Textiles, Apparel & Luxury Goods industry. By closely examining crucial financial metrics, market position, and growth prospects, we aim to offer valuable insights for investors and shed light on company's performance within the industry. Nike Background Nike is the largest athletic footwear and apparel brand in the world. Footwear generates about two-thirds of its sales. Key performance footwear categories include basketball, running, and football (soccer). Its brands include Nike, Jordan (premium athletic footwear and clothing), NikeSkims (women's athleisure), and Converse (casual footwear). Nike sells products worldwide through company-owned stores, franchised stores (including about 5,500 in China), and third-party retailers. The firm also operates e-commerce platforms in more than 40 countries. Nearly all its production is outsourced to contract manufacturers in more than 30 countries. Nike was founded in 1964 and is based in Beaverton, Oregon.    Company P/E P/B P/S ROE EBITDA (in billions) Gross Profit (in billions) Revenue Growth     Nike Inc 29.36 4.69 1.42 3.69% $0.77 $4.53 0.09%   Deckers Outdoor Corp 14.33 5.49 2.79 18.96% $0.65 $1.17 7.14%   On Holding AG 45.60 5.64 5.99 4.35% $0.1 $0.48 22.62%   Birkenstock Holding PLC 15.35 2.07 2.71 1.84% $0.11 $0.22 11.11%   Steven Madden Ltd 54.08 2.87 0.96 2.7% $0.04 $0.32 29.43%   Wolverine World Wide Inc 14.37 3.29 0.71 7.9% $0.05 $0.24 4.61%   Rocky Brands Inc 13.06 1.16 0.60 2.61% $0.01 $0.06 9.11%   Average 26.13 3.42 2.29 6.39% $0.16 $0.41 14.0%              table {             width: 100%;             border-collapse: collapse;             font-family: Arial, sans-serif;             font-size: 14px;         }          th, td {             padding: 8px;             text-align: left;         }          th {             background-color: #293a5a;             color: #fff;             text-align: left;         }          tr:nth-child(even) {             background-color: #f2f4f8;         }          tr:hover {             background-color: #e1e4ea;         }          td:nth-child(3), td:nth-child(5) {             text-align: left;         }          .dividend-amount {             font-weight: bold;             color: #0d6efd;         }          .dividend-frequency {             font-size: 12px;             color: #6c757d;         }       By carefully studying Nike, we can deduce the following trends:    At 29.36, the stock's Price to Earnings ratio significantly exceeds the industry average by 1.12x, suggesting a premium valuation relative to industry peers.   The elevated Price to Book ratio of 4.69 relative to the industry average by 1.37x suggests company might be overvalued based on its book value.   With a relatively low Price to Sales ratio of 1.42, which is 0.62x the industry average, the stock might be considered undervalued based on sales performance.   The Return on Equity (ROE) of 3.69% is 2.7% below the industry average, suggesting potential inefficiency in utilizing equity to generate profits.   The Earnings Before Interest, Taxes, Depreciation, and Amortization (EBITDA) of $770 Million is 4.81x above the industry average, highlighting stronger profitability and robust cash flow generation.   Compared to its industry, the company has higher gross profit of $4.53 Billion, which indicates 11.05x above the industry average, indicating stronger profitability and higher earnings from its core operations.   The company's revenue growth of 0.09% is significantly lower compared to the industry average of 14.0%. This indicates a potential fall in the company's sales performance.   Debt To Equity Ratio   The debt-to-equity (D/E) ratio assesses the extent to which a company relies on borrowed funds compared to its equity. Considering the debt-to-equity ratio in industry comparisons allows for a concise evaluation of a company's financial health and risk profile, aiding in informed decision-making. When examining Nike in comparison to its top 4 peers with respect to the Debt-to-Equity ratio, the following information becomes apparent:   When evaluating the debt-to-equity ratio, Nike is in the middle position among its top 4 peers.   The company maintains a moderate level of debt relative to its equity with a debt-to-equity ratio of 0.79, suggesting a relatively balanced financial structure.   Key Takeaways For Nike, the PE ratio is high compared to peers, indicating potentially overvalued stock. The PB ratio is also high, suggesting investors are paying a premium for each dollar of assets. However, the PS ratio is low, implying a potential undervaluation based on revenue. In terms of ROE, Nike shows lower profitability compared to peers. EBITDA and gross profit margins are high, reflecting strong operational performance. The revenue growth rate for Nike is lower than industry peers, indicating slower expansion in sales. This article was generated by Benzinga's automated content engine and reviewed by an editor.",https://www.benzinga.com/insights/news/26/04/51644058/assessing-nikes-performance-against-competitors-in-textiles-apparel-amp-luxury-goods-industry
51644048,Benzinga Insights,"Fri, 03 Apr 2026 05:58:45 -0400","Fri, 03 Apr 2026 05:58:46 -0400",Insights Into Microsoft's Performance Versus Peers In Software Sector,"In today's rapidly changing and highly competitive business world, it is imperative for investors and industry observers to carefully assess companies before making investment choices. In this article, we will undertake a comprehensive industry comparison, evaluating Microsoft (NASDAQ:MSFT) vis-à-vis its key competitors in the Software industry. Through a detailed analysis of important financial indicators, market standing, and growth potential, our goal is to provide valuable insights and highlight company's performance in the industry. Microsoft Background Microsoft develops and licenses consumer and enterprise software. It is known for its Windows operating systems and Office productivity suite. The company is organized into three equally sized broad segments: productivity and business processes (legacy Microsoft Office, cloud-based Office 365, Exchange, SharePoint, Skype, LinkedIn, Dynamics), intelligence cloud (infrastructure- and platform-as-a-service offerings Azure, Windows Server OS, SQL Server), and more personal computing (Windows Client, Xbox, Bing search, display advertising, and Surface laptops, tablets, and desktops).    Company P/E P/B P/S ROE EBITDA (in billions) Gross Profit (in billions) Revenue Growth     Microsoft Corp 23.11 7.02 9.02 10.2% $58.18 $55.3 16.72%   Oracle Corp 26.07 12.45 6.58 11.65% $8.16 $11.1 21.66%   Palo Alto Networks Inc 89.26 13.87 11.55 4.78% $0.64 $1.91 14.93%   ServiceNow Inc 62.30 8.39 8.20 3.31% $0.76 $2.73 20.66%   Fortinet Inc 33.53 48.52 9.13 51.3% $0.69 $1.52 14.75%   Nebius Group NV 889.48 5.59 48.69 -5.3% $0.01 $0.1 55.85%   Check Point Software Technologies Ltd 15.16 5.43 5.88 10.21% $0.37 $0.65 5.85%   Gen Digital Inc 19.29 4.86 2.46 8.02% $0.57 $0.97 25.76%   Dolby Laboratories Inc 24.58 2.24 4.41 2.04% $0.1 $0.3 -2.88%   UiPath Inc 21.19 2.77 3.73 5.21% $0.09 $0.41 13.56%   Monday.Com Ltd 30.37 2.79 2.93 6.1% $0.01 $0.3 24.59%   CommVault Systems Inc 40.83 15.91 3.08 8.33% $0.03 $0.25 19.5%   Qualys Inc 15.85 5.48 4.70 9.75% $0.06 $0.15 10.11%   Teradata Corp 18.70 10.37 1.47 16.48% $0.08 $0.26 2.93%   BlackBerry Ltd 84 2.68 3.75 1.87% $0.02 $0.11 -1.25%   Average 97.9 10.1 8.33 9.55% $0.83 $1.48 16.14%              table {             width: 100%;             border-collapse: collapse;             font-family: Arial, sans-serif;             font-size: 14px;         }          th, td {             padding: 8px;             text-align: left;         }          th {             background-color: #293a5a;             color: #fff;             text-align: left;         }          tr:nth-child(even) {             background-color: #f2f4f8;         }          tr:hover {             background-color: #e1e4ea;         }          td:nth-child(3), td:nth-child(5) {             text-align: left;         }          .dividend-amount {             font-weight: bold;             color: #0d6efd;         }          .dividend-frequency {             font-size: 12px;             color: #6c757d;         }       By conducting a comprehensive analysis of Microsoft, the following trends become evident:    With a Price to Earnings ratio of 23.11, which is 0.24x less than the industry average, the stock shows potential for growth at a reasonable price, making it an interesting consideration for market participants.   With a Price to Book ratio of 7.02, significantly falling below the industry average by 0.7x, it suggests undervaluation and the possibility of untapped growth prospects.   The Price to Sales ratio of 9.02, which is 1.08x the industry average, suggests the stock could potentially be overvalued in relation to its sales performance compared to its peers.   With a Return on Equity (ROE) of 10.2% that is 0.65% above the industry average, it appears that the company exhibits efficient use of equity to generate profits.   With higher Earnings Before Interest, Taxes, Depreciation, and Amortization (EBITDA) of $58.18 Billion, which is 70.1x above the industry average, the company demonstrates stronger profitability and robust cash flow generation.   Compared to its industry, the company has higher gross profit of $55.3 Billion, which indicates 37.36x above the industry average, indicating stronger profitability and higher earnings from its core operations.   The company's revenue growth of 16.72% exceeds the industry average of 16.14%, indicating strong sales performance and market outperformance.   Debt To Equity Ratio   The debt-to-equity (D/E) ratio measures the financial leverage of a company by evaluating its debt relative to its equity. Considering the debt-to-equity ratio in industry comparisons allows for a concise evaluation of a company's financial health and risk profile, aiding in informed decision-making. In light of the Debt-to-Equity ratio, a comparison between Microsoft and its top 4 peers reveals the following information:   Compared to its top 4 peers, Microsoft has a stronger financial position indicated by its lower debt-to-equity ratio of 0.15.   This suggests that the company relies less on debt financing and has a more favorable balance between debt and equity, which can be seen as a positive attribute by investors.   Key Takeaways For Microsoft in the Software industry, the PE and PB ratios suggest the company is undervalued compared to its peers, indicating potential for growth. However, the high PS ratio implies that investors are paying a premium for each dollar of revenue generated. On the other hand, Microsoft's high ROE, EBITDA, gross profit, and revenue growth indicate strong financial performance and operational efficiency relative to industry competitors. This article was generated by Benzinga's automated content engine and reviewed by an editor.",https://www.benzinga.com/insights/news/26/04/51644048/insights-into-microsofts-performance-versus-peers-in-software-sector
51644008,Mohd Haider,"Fri, 03 Apr 2026 05:51:19 -0400","Fri, 03 Apr 2026 05:51:20 -0400","Microsoft Pledges $10 Billion To Japan, Plans To Train 1 Million Engineers By 2030 Amid Workforce Shortfall","Microsoft Corp. (NASDAQ:MSFT) will invest 1.6 trillion yen ($10 billion) in Japan through 2029 to expand AI infrastructure and cybersecurity cooperation, as the country faces a projected shortfall of more than 3 million AI workers by 2040, the company announced Friday.    The investment will be used to expand AI infrastructure and strengthen cybersecurity cooperation with the Japanese government, Reuters reported. As part of this initiative, Microsoft plans to train 1 million engineers and developers by 2030.    This announcement was made during a visit to Tokyo by Microsoft's Vice Chair and President, Brad Smith.    The investment aligns with Japan's Prime Minister Sanae Takaichi's vision to drive growth through advanced technologies while ensuring national security.    Local Partners, Sovereign Cloud Access    According to the report, Microsoft will collaborate with local companies such as SoftBank Group (OTC:SFTBY) (OTC:SFTBF) and Sakura Internet Inc (OTC:SKRUF) to expand AI computing capacity in Japan. This will enable companies and government agencies to store sensitive data within the country while accessing Microsoft Azure services.    The company will also deepen intelligence-sharing with Japanese authorities on cyber threats and crime prevention.    According to Microsoft, Japan's adoption of AI has accelerated since 2024, with approximately one in five working-age individuals using generative AI tools. The government estimates a shortfall of over 3 million AI and robotics workers by 2040.    Asia-Pacific Dominance, In-House AI Push    The Japan commitment comes after the American tech giant recently pledged $5.5 billion in Singapore and $1 billion in Thailand for cloud and AI infrastructure — signaling a broader Microsoft push to anchor AI dominance across Asia-Pacific.    The recent Japan commitment also builds on Microsoft's previous $2.9 billion investment in Japanese data centers announced in 2024    A day before the Japan announcement, Microsoft unveiled a new lineup of in-house MAI models, including speech, transcription and image-generation tools, aimed at improving speed and efficiency while lowering enterprise AI costs.    Trading Metrics    Microsoft has a market capitalization of $2.77 trillion, with a 52-week high of $555.45 and a 52-week low of $344.79.    Over the past 12 months, the large-cap stock has dropped 21.03%.    Price Action: According to Benzinga Pro data, MSFT closed the regular session at $373.46, up 1.11%.    With a Quality score of 93.66, Benzinga's Edge Stock Rankings indicate that MSFT has a negative price trend across all time frames.        Photo Courtesy: Shutterstock    Disclaimer: This content was partially produced with the help of AI tools and was reviewed and published by Benzinga editors.",https://www.benzinga.com/markets/tech/26/04/51644008/microsoft-pledges-10-billion-to-japan-plans-to-train-1-million-engineers-by-2030-amid-workforce-shortfall
51643875,Namrata Sen,"Fri, 03 Apr 2026 04:28:59 -0400","Fri, 03 Apr 2026 04:29:00 -0400","Amazon Slaps War-Driven Logistics Fee For Sellers As Fuel Costs Surge Across US, Canada","Amazon (NASDAQ:AMZN) has decided to impose a 3.5% ""fuel and logistics-related surcharge"" on third-party sellers availing its fulfillment services.    The surcharge, which comes into effect on April 17, is Amazon's response to the oil price surge triggered by the Iran war, now in its fifth week. Amazon clarified in a note to sellers that the surcharge will apply to those in the U.S. and Canada and will be calculated on fulfillment fees rather than the items' sale prices, reported CNBC on Thursday.    Amazon spokesperson Ashley Vanicek told the publication that the surcharge is ""meaningfully lower"" compared to those of other major carriers. On average, Fulfilment by Amazon (FBA) shipments incur an extra charge of 17 cents per unit, which varies by item size and dimensions.    The FBA service, popular among third-party sellers for picking, packing, and shipping items, has experienced ""elevated costs in fulfillment and logistics"" due to the industry-wide impact of the war. Amazon has absorbed rising costs but is now adding temporary surcharges, like other major carriers, to offset the increased expenses.    War Pushes Fuel, Shipping Costs    This move by Amazon further underscores the ripple effects of the Iran war on the global logistics and transportation industry. Late March, the U.S. Postal Service (USPS) notified regulators of a temporary price increase to better match transportation costs and ensure it covers operating expenses as required by law.    As the conflict drags on and the Strait of Hormuz remains partially closed, energy prices continue to rise. At 3:36 AM ET, Brent crude oil is trading 0.018% higher at $109.05 per barrel, while the U.S. gasoline prices at the pump crossed $4 per gallon, as per AAA.     Impact On Retail Sales, Consumer Spending    The impact is now spilling beyond logistics providers to consumers, as higher transportation and fuel costs begin feeding into broader household expenses.    While overall finances remain stable, spending growth is modest and uneven, making consumers more vulnerable to further energy price shocks, according to Goldman Sachs and Moody's, reported Yahoo Finance.    Moody's says higher gasoline prices effectively act like a tax on Americans, pushing households to spend more on essentials and cut discretionary spending, with the recent surge costing an estimated $8 billion.    Coresight's John Mercer told Benzinga that value-focused retailers like Walmart (NYSE:WMT), dollar stores, and warehouse clubs are well-positioned to benefit, as higher fuel costs and uncertainty push price-sensitive consumers toward cheaper shopping options.    Disclaimer: This content was partially produced with the help of AI tools and was reviewed and published by Benzinga editors.    Image via Shutterstock",https://www.benzinga.com/news/retail-sales/26/04/51643875/amazon-slaps-war-driven-logistics-fee-for-sellers-as-fuel-costs-surge-across-us-canada
51643306,Aniket Verma,"Thu, 02 Apr 2026 22:54:19 -0400","Thu, 02 Apr 2026 22:54:20 -0400",Coinbase Receives Conditional Nod To Operate As National Trust Company—CEO Brian Armstrong Says 'We're Not Becoming A Bank',"Coinbase Global Inc. (NASDAQ:COIN) said Thursday it has secured a conditional approval from the Office of the Comptroller of the Currency to form a federally chartered national trust company.    Crypto Operations Under Federal Oversight    Coinbase emphasized that it is not transitioning into a ""commercial bank"" and will not be taking retail deposits or engaging in fractional reserve banking.    ""This charter is about bringing federal regulatory uniformity to the custody and market infrastructure business we have been building for years,"" the company said.    CEO Brian Armstrong reiterated the point, saying that Coinbase is bringing the ""infrastructure of crypto"" under federal regulatory oversight, but not ""becoming a bank.""     .@Coinbase has received conditional OCC charter approval.We're not becoming a bank, it's a trust company. We're bringing the infrastructure of crypto under federal regulatory oversight.— Brian Armstrong (@brian_armstrong) April 2, 2026     Coinbase Joins Other Crypto Giants    Cryptocurrency firms are increasingly applying for banking charters to support their operations.    Ripple Labs (CRYPTO: XRP) and Circle Internet Group Inc. (NYSE:CRCL) have also received conditional OCC approval to charter their respective national trust banks, although final approval is still pending.    Not Becoming A 'Commercial Bank'    The clarification about not being a commercial bank is notable, especially since JPMorgan Chase & Co. (NYSE:JPM) CEO Jamie Dimon argued that cryptocurrency companies offering rewards on stablecoin balances should face bank-like regulations.    Coinbase withdrew its support for the cryptocurrency market structure bill earlier in January over a rule that would prohibit cryptocurrency platforms from paying rewards on idle stablecoin balances.    Interestingly, Coinbase's Chief Legal Officer, Paul Grewal, voiced optimism that congressional gridlock could ease, paving the way for progress on the bill soon.    Price Action: Coinbase shares rose 2.22% in after-hours trading after closing 0.88% lower at 171.46 during Thursday's regular trading session, according to Benzinga Pro.    COIN stock lagged in short-, medium- and long-term price performance, according to Benzinga's Edge Stock Rankings.        Disclaimer: This content was partially produced with the help of Benzinga Neuro and was reviewed and published by Benzinga editors.    Image via Shutterstock By Thrive Studios ID",https://www.benzinga.com/crypto/cryptocurrency/26/04/51643306/coinbase-conditional-approval-national-trust-company-not-a-bank-armstrong
51639363,Piero Cingari,"Thu, 02 Apr 2026 16:33:24 -0400","Thu, 02 Apr 2026 16:33:24 -0400","S&P 500 Snaps Losing Streak, Logs Best Weekly Rally In 5 Month: This Week On Wall Street","It took a shortened week and an unexpected diplomatic signal to finally snap Wall Street's worst losing streak since 2022.    The S&P 500 – as tracked by the SPDR S&P 500 ETF Trust (NYSE:SPY) – posted its strongest weekly gain since late November, snapping a five-week slide in a holiday-shortened week that ended Thursday, with markets closed for Good Friday.    The relief was real — if incomplete.        From Ceasefire Hopes To 'Stone Age' Threats: Trump's Message Whipsaws Markets    The catalyst arrived Tuesday, March 31, when President Donald Trump declared that U.S. and Iranian negotiators had shared ""good and productive conversations,"" adding that a ceasefire agreement could come ""very soon.""     The S&P 500 surged 3% — its best single session in nearly a year. Oil fell toward $85 a barrel. For one day, the market priced in a world where the Strait of Hormuz reopens.    The euphoria didn't last for long.     In a televised address Wednesday night, Trump said Iran must formally accept U.S. terms before any agreement would be recognized, reaffirming an April 6 deadline. He also warned that Iranian infrastructure would be hit ""extremely hard"" over the next two to three weeks, threatening to push Tehran back to the ""Stone Ages.""    The optimism that brought crude below $100 quickly reversed, while U.S. stocks cooled but didn't collapse.     Oil Closes The Week At June 2022 Levels As Supply Shock Fears Intensify    West Texas Intermediate crude – as tracked by the United States Oil Fund (NYSE:USO) – closed the week above $110 a barrel — its highest closing price since June 2022.        More striking than the level was a structural shift: for the first time since 2009, WTI is trading at a premium of more than $3 over Brent crude, inverting a relationship that held for more than a decade.     Analysts attribute the flip to U.S. refiners ramping demand at the start of the spring driving season, drawing on domestic crude that international buyers cannot easily access while the Strait remains closed.    Gold, which had collapsed 11.5% in March — its worst monthly performance since October 2008 — rebounded 3.7% this week. The catalyst was a shift in Fed expectations.     Speaking at Harvard University on Tuesday, Fed Chair Jerome Powell said monetary policy is in ""a good place for us to wait and see how that turns out"" — language the market read as a signal that the Fed intends to look through the oil shock rather than hike into it.    Nike Sinks To 2014 Lows As War Shock Hits Consumer Outlook    The war's costs and uncertainties are beginning to show up in corporate earnings.     Nike Inc. (NYSE:NKE) beat estimates Tuesday but buried alarming guidance inside the report: China sales expected to fall 20% year-over-year, with management explicitly citing ""unplanned volatility due to disruption in the Middle East and rising oil prices.""     The stock fell 15% Wednesday and closed Thursday at its lowest level since October 2014.    For Michigan-based stocks, the week offered little comfort. Ford Motor Co. (NYSE:F) and General Motors Co. (NYSE:GM) are both down 12.6% year-to-date, hovering near their 2026 lows.         Image created using artificial intelligence via Midjourney.",https://www.benzinga.com/markets/market-summary/26/04/51639363/wall-street-rebound-trump-ceasefire-oil-110-wti-brent-inversion-nike-2014-low
51637298,Chandrima Sanyal,"Thu, 02 Apr 2026 15:46:33 -0400","Thu, 02 Apr 2026 15:46:34 -0400","Nvidia, Apple Are Outgunning Defense Stocks During A War — That's Weird","U.S. tech titans are beating the defense sector amid an escalating geopolitical situation—a rare phenomenon in the markets.    Since the Iran conflict began on Feb. 28, the iShares U.S. Aerospace & Defense ETF (BATS:ITA), the fund used as a proxy for tracking the defense sector, has lost about 8.7%. Meanwhile, shares of Nvidia Corp (NASDAQ:NVDA) have lost just 1.3%, and those of Apple Inc (NASDAQ:AAPL) have slipped about 4.3%.    This phenomenon represents a significant deviation from the past, when the defense sector tended to rally amid heightened global tensions. The basic rationale was that tensions would boost military spending.    Source: TradingView    Flipping The Traditional Playbook    Technology stocks were thought to be the sector most vulnerable amid escalating tensions. Rising inflation and interest-rate uncertainty, often triggered by conflict-driven energy shocks, tend to pressure high-growth sectors. Yet, this time, Big Tech has proven more resilient than expected.    U.S. tech stocks have re-emerged as a safe haven in the face of the recent volatility in the markets. According to a recent note by Principal Asset Management, ""As conflict-driven energy shocks unsettled markets in March— hitting cyclicals and international equities particularly hard, especially in Europe and Asia—U.S. technology stocks reasserted themselves as a perceived safe haven.""    The Rise Of ‘Modern Defensives'    Principal Asset Management noted that the shift appears to reflect an increased focus by investors on earnings visibility and structural growth drivers, as opposed to more traditional geopolitical hedges. Strength in industries such as semiconductors, software, and AI-related businesses is helping insulate large-cap tech names from macro-related pressures.     Defense Stocks May Already Have Priced In Geopolitics     The performance of defense-related stocks is also an interesting factor to consider, as it appears to reflect investors' expectations of geopolitical tensions. The sector has likely priced in geopolitical risks, which could limit near-term upside potential.     According to a Reuters report, which cited David Bianco,  Americas chief investment officer at German asset manager DWS, much of the conflict premium was in ​the valuations of defense stocks. ""A lot of conflict premium was in ​their valuations….We saw gold and oil and defense rally, part of the ​reason was messages from the administration, when Trump was sending the armada to the Middle East. Nobody knew anything, but ⁠they saw chances of a conflict,"" noted Bianco.    Budget cycles and the lag between conflict escalation and actual spending flows could also be weighing on the sector.    ETFs Reflect The Rotation    Tech-heavy ETFs such as the Invesco QQQ Trust (NASDAQ:QQQ) and the Technology Select Sector SPDR Fund (NYSE:XLK) have held up better compared to defense-related funds, signaling a broader rotation toward growth-oriented exposures.    However, the tech outperformance is unlikely to endure if interest rates rise or if the U.S.-Israel-Iran war escalates further.     For now, however, in an era defined by AI-driven growth and strong balance sheets, Big Tech is increasingly being treated not just as a growth play, but as a source of resilience, even in times of war.    Image via NINA IMAGES/Shutterstock",https://www.benzinga.com/etfs/sector-etfs/26/04/51637298/nvidia-apple-are-outgunning-defense-stocks-during-a-war-thats-weird
51637090,Benzinga Newsdesk,"Thu, 02 Apr 2026 15:37:19 -0400","Thu, 02 Apr 2026 15:37:20 -0400",'Microsoft Hit 'Audacious' Copilot Goals After Wall Street Input' - Bloomberg,"Never miss a trade again with the fastest news alerts in the world!           This headline only article is a sample of real-time intelligence           Benzinga Pro traders use to win in the markets everyday.           Want the fastest, most accurate stock market intelligence? Want EXCLUSIVE stories originated by Benzinga reporters?           Join 10,000+ serious traders in the Benzinga Pro community!",https://www.benzinga.com/news/26/04/51637090/microsoft-hit-audacious-copilot-goals-after-wall-street-input-bloomberg
51636374,Evette Mitkov,"Thu, 02 Apr 2026 15:11:06 -0400","Thu, 02 Apr 2026 15:11:07 -0400",Is Apple Stock Overvalued Or Undervalued?,"Apple Inc (NASDAQ:AAPL) shares are trading marginally lower on Thursday, moving against a generally constructive tape even as Technology holds modest gains. Here's what you may want to know.     Apple stock is showing upward bias. What's the outlook for AAPL shares?     Valuation Analysis    Apple's valuation remains one of the central factors behind today's pullback. The stock trades at a 32.36x trailing P/E and a 29.67x forward P/E, levels that imply a stronger earnings trajectory than what the company has delivered recently.    The PEG ratio of 2.27 reinforces that disconnect, showing that the price being paid for each unit of earnings growth is elevated. On a revenue basis, Apple's 8.76x price‑to‑sales ratio also sits toward the upper end of its historical norms, reflecting a market that continues to assign a premium multiple even as growth has moderated.    Enterprise value adds another layer to the picture. With an EV of $3.777 trillion, Apple trades at a valuation that embeds high expectations for future performance.    The EV/EBITDA multiple of 24.699 shows that the stock is priced aggressively relative to its cash‑flow generation, and that premium becomes more noticeable on days when investors are selective about where they allocate capital.    Apple Business Background    Apple is one of the world's largest technology companies, built around a wide lineup of hardware and software products used by both consumers and businesses. The iPhone remains the centerpiece of that lineup, and devices like the Mac, iPad and Apple Watch are designed to extend and reinforce the iPhone‑centric ecosystem that keeps users engaged over long periods of time.    The company has also been steadily growing its higher‑margin services business, which includes streaming, subscription bundles, and other software‑based offerings.    Apple develops its own operating systems and key semiconductor components, while relying on manufacturing partners such as Foxconn and TSMC for large‑scale production. Its products reach customers through a combination of Apple's own retail stores — which account for slightly less than half of total sales — and a broader network of carriers, retailers and distribution partners around the world.    Why It Matters    Apple's current valuation leaves little margin for error. With nearly 30x forward earnings and modest revenue growth, the stock is priced for acceleration that has not yet materialized. When the market becomes more selective, Apple's premium becomes harder to justify, and that dynamic is showing up in today's price action.    AAPL Price Action: Apple shares were down 0.04% at $255.55 at the time of publication on Thursday, according to Benzinga Pro.    Image: Shutterstock",https://www.benzinga.com/trading-ideas/movers/26/04/51636374/is-apple-stock-overvalued-or-undervalued
51636047,Lekha Gupta,"Thu, 02 Apr 2026 14:59:34 -0400","Thu, 02 Apr 2026 14:59:35 -0400",Billionaire Investor Reduces Microsoft Stake Amid Cloud Growth Concerns,"Activist investor Dan Loeb's Third Point LLC slashed its stake in Microsoft Corporation (NASDAQ:MSFT) by 16% in the fourth quarter of 2025.    According to a recent 13F filing, reflecting his holdings as of Dec. 31, 2025, Third Point trimmed its stake in the major software company to 925,000 from 1,100,000 in the third quarter of 2025.    Second-Quarter Earnings Release    In January, Microsoft reported second-quarter revenue of $81.3 billion, up 21% year-over-year, beating a Street consensus estimate of $80.25 billion. The company reported non-GAAP earnings per share of $4.14, beating a Street consensus estimate of $3.86.    Looking ahead, Microsoft forecasts fiscal third-quarter revenue in the range of $80.65 billion to $81.75 billion, with foreign exchange expected to add roughly three percentage points to year-over-year growth.    Analyst View    Several analysts lowered their price targets after the company beat revenue and earnings-per-share estimates in the second quarter.     JPMorgan analyst Mark Murphy maintained an Overweight rating on Microsoft and lowered the price forecast from $575 to $550.    Wedbush analyst Dan Ives maintained an Outperform rating and slashed the price forecast from $625 to $575.    KeyBanc analyst Jackson Ader maintained an Overweight rating and reduced the price forecast from $630 to $600.    Goldman Sachs analyst Gabriela Borges maintained a Buy rating and cut the price forecast from $655 to $600.     The JPMorgan analyst said Microsoft could be constrained by CPU supply, impacting Azure growth. He added, ""The underlying drivers include softness in less-critical Gaming and Search/Advertising segments, CPU/GPU capacity constraints in Azure, and a conscientious decision to steer more GPU capacity into Copilot products.""    The Wedbush analyst says Microsoft is pushing a balancing act between high CapEx spending and staying focused on cloud growth. Investors wanted to see lower CapEx from the company.    The KeyBanc analyst writes that Azure growth was a disappointment to many investors and guidance was also ""less inspiring,"". Also, the analyst added the guidance is ""fine but not good enough.""    Apart from this, Stifel analysts downgraded the stock and lowered their price target. In a pessimistic note, analyst Brad Reback downgraded Microsoft to a hold rating and lowered the price target to $392.    He said the market's expectations for full-year revenue and earnings-per-share were too optimistic given well-documented Azure supply issues, Google's strong Gemini results and growing Anthropic momentum.    Prominent investor Chamath Palihapitiya wrote, ""Microsoft has been the worst-performing stock of the hyperscalers since the November 30, 2022, launch of ChatGPT and has significantly underperformed the Nasdaq during that period,""    Recent Key Events     Microsoft backed OpenAI announced $110 billion in new investment at a $730 billion pre-money valuation. This includes $30 billion from SoftBank, $30 billion from NVIDIA, and $50 billion from Amazon. The company also signed a strategic partnership with Amazon and secured next generation inference compute with NVIDIA.    Last month, Microsoft filed an amicus brief in federal court in San Francisco supporting Anthropic's request for a temporary restraining order against the Pentagon's ""supply chain risk"" designation.    This development came a day after Microsoft said it would add Claude Cowork from Anthropic to its Microsoft 365 Copilot platform, which had previously relied exclusively on models from OpenAI's ChatGPT.     Top ETF Exposure     State Street SPDR Portfolio S&P 500 Growth ETF (NYSE:SPYG): 9.60% Weight    iShares Core S&P US Growth ETF (NASDAQ:IUSG): 9.55% Weight    iShares Expanded Tech-Software Sector ETF (BATS:IGV): 9.70% Weight     MSFT Stock Price Activity: Microsoft shares were up 0.66% at $371.79 at the time of publication on Thursday, according to Benzinga Pro data.    Photo: Shutterstock",https://www.benzinga.com/markets/large-cap/26/04/51636047/billionaire-investor-reduces-microsoft-stake-amid-cloud-growth-concerns
51632723,Benzinga Newsdesk,"Thu, 02 Apr 2026 13:06:36 -0400","Thu, 02 Apr 2026 14:37:32 -0400","Shares of homebuilding and housing-related companies are trading lower after U.S. mortgage rates grew for the fifth straight week, with the 30-year near a 7-month high.","Never miss a trade again with the fastest news alerts in the world!           This headline only article is a sample of real-time intelligence           Benzinga Pro traders use to win in the markets everyday.           Want the fastest, most accurate stock market intelligence? Want EXCLUSIVE stories originated by Benzinga reporters?           Join 10,000+ serious traders in the Benzinga Pro community!",https://www.benzinga.com/wiim/26/04/51632723/shares-of-homebuilding-and-housing-related-companies-are-trading-lower-after-u-s-mortgage-rates-grew
51635025,Surbhi Jain,"Thu, 02 Apr 2026 14:23:40 -0400","Thu, 02 Apr 2026 14:23:41 -0400","Not Exxon, Not Chevron — This Small Cap Name Is One Of The Biggest Winners From $110 Oil","Oil above $110 is back—but the biggest moves aren't showing up where you'd expect.    While giants like Exxon Mobil Corp (NYSE:XOM)  and Chevron Corp (NYSE:CVX) grind higher, it's a much smaller name that's suddenly stealing the spotlight: Sky Quarry Inc. (NASDAQ:SKYQ). SKYQ stock was up over 80% on Thursday.    And the reason goes beyond just a sharp stock move.    Why Smaller Names React Differently    For oil majors, higher crude typically means better margins—but the impact is spread across refining, chemicals, and global operations. The result is steady, incremental upside.    For smaller players, it's different.    Companies like Sky Quarry are far more exposed to the underlying price of oil. That means every move higher in crude has a more direct—and often amplified—impact on project economics and asset value.    At $70 or $80 oil, some projects sit on the edge of viability. At $100+, they start to work. At $110, they can suddenly look compelling.    That's not just margin expansion—it's a re-rating.    From Price Move To Strategic Relevance    The timing adds another layer.    With oil pushing higher and supply back in focus, smaller, U.S.-linked energy plays are drawing renewed attention. Sky Quarry's Nevada-linked supply narrative places it directly in that conversation.    That combination—rising oil prices and domestic supply relevance—turns the company from a niche name into a potential proxy for a broader theme.    Why Traders Are Paying Attention    There's also a positioning shift underway.    When oil rallies, investors don't just look for exposure—they look for leverage. Large-cap names offer stability. Smaller names offer torque.    That's where Sky Quarry fits in.    Because while oil may be lifting the giants, it's the smaller, more sensitive names that tend to move the fastest—and sometimes the furthest.    And in this rally, that's exactly what's playing out.    Photo: FXQuadro / Shutterstock",https://www.benzinga.com/trading-ideas/movers/26/04/51635025/not-exxon-not-chevron-this-small-cap-name-is-one-of-the-biggest-winners-from-110-oil
